{"schemaVersion":"1.0","appDefinitionTemplate":{"id":"/providers/Microsoft.PowerApps/apps/","type":"Microsoft.PowerApps/apps","tags":{"primaryDeviceWidth":"640","primaryDeviceHeight":"1136","supportsPortrait":"true","supportsLandscape":"true","primaryFormFactor":"Phone","showStatusBar":"false","publisherVersion":"3.26014.7","minimumRequiredApiVersion":"2.2.0","hasComponent":"false","hasUnlockedComponent":"false","isUnifiedRootApp":"false","sienaVersion":"20260207T074134Z-3.26014.7.0"},"properties":{"appVersion":"2026-02-07T07:41:34Z","lifeCycleId":"Published","createdByClientVersion":{"major":3,"minor":26014,"build":7,"revision":0,"majorRevision":0,"minorRevision":0},"minClientVersion":{"major":3,"minor":26014,"build":7,"revision":0,"majorRevision":0,"minorRevision":0},"backgroundColor":"RGBA(0,176,240,1)","backgroundImageUri":"/12749105496513891220/N861f3c8c-3d1d-422e-9a1c-7721471fae05-logoSmallFile","displayName":"高さ可変ギャラリー","description":"","commitMessage":"","appUris":{"documentUri":{"value":"/12749105496513891220/Neb029a84-9cae-4870-a400-bb80212db929-document.msapp"},"imageUris":[],"additionalUris":[{"isSolutionAware":false,"value":"/12749105496513891220/N037a70d8-c532-47cf-9556-2f6a63ea9c30-identity.json"}]},"createdTime":"0001-01-01T00:00:00Z","lastModifiedTime":"0001-01-01T00:00:00Z","sharedGroupsCount":0,"sharedUsersCount":0,"connectionReferences":{},"databaseReferences":{},"almMode":"Environment","performanceOptimizationEnabled":true,"canConsumeAppPass":true,"enableModernRuntimeMode":false,"executionRestrictions":{"isTeamsOnly":false,"dataLossPreventionEvaluationResult":{"status":"Compliant","lastEvaluationDate":"2026-02-07T07:41:38.4831335Z","violations":[],"violationsByPolicy":[],"violationErrorMessage":"The app uses the following connectors: ."}}},"isAppComponentLibrary":false,"appType":"ClassicCanvasApp","appComponents":[]}}